{
    "assistantEngineer" : ["Alex Resoagli"],
    "bassGuitar": ["Christopher Brody Brown"],
    "cellist": ["Glenn Fischbach"],
    "composer": ["Bruno Mars"],
    "engineer": ["Charles Moniz"],
    "guitarist": ["Bruno Mars"],
    "label": ["Aftermath", "Atlantic"],
    "leadVoice": ["Bruno Mars", "Anderson Park"],
    "lyricist": ["Bruno Mars", "Anderson Park", "Christopher Brody Brown"],
    "market" : ["worldwide"],
    "mastering": ["Randy Merrill"],
    "mixer": ["Serban Ghenea"],
    "mixingEngineer": ["John Hanes"],
    "mixingAssistant": ["Bryce Bordone"],
    "producer": ["Bruno Mars", "D'Mile"],
    "stringRecorder": ["Cody Chicowski"],
    "violonist": ["Luigi Mazzochi", "Emma Kummrow", "Blake Espy", "Gared Crawford", "Tess Varley", "Natasha Colkett"],
    "violist": ["Jonathan Kim", "Yoshihiko Nakano"],
    "recorder": ["Charles Moniz"],
    "recordedDate": ["2019-06-14 23:59:59"],
    "releaseDate": ["2020-03-05 00:00:00"],
    "title": ["Leave the Door Open"]
}