{
    "assistantMixingEngineer": [
        "Robin Florent",
        "Jeremie Inhaber",
        "Chris Galland"
    ],
    "composer": [
        "Max Lord",
        "Filip Gežin"
    ],
    "duration": ["2:35"],
    "label": ["Grade A Productions"],
    "leadVoice": ["Jarad Higgins"],
    "lyricist": [
        "Jarad Higgins",
        "Arijan Vujica"
    ],
    "market": ["worldwide"],
    "mastering": ["Tatsuya Sato"],
    "mixingEngineer": ["Manny Marroquin"],
    "producer": [
        "Max Lord",
        "Filip Gežin"
    ],
    "recorded": ["2019-08-26 23:59:59"],
    "releaseDate": ["2020-07-10 00:00:00"],
    "title": ["Blood On My Jeans"]
}