{  
	"acousticGuitar": ["Frankie Sullivan"],
	"backgroundVoice": ["Frankie Sullivan", "Jim Peterik", "Fergie Fredriksen"],  
	"bassGuitar": ["Stephan Ellis"],  
	"collective": ["Survivor"],  
	"composer": ["Ryan Tedder"],  
	"drum": ["Eddie Fisher"],  
	"duration": ["4:04"],  
	"engineer": ["Phil Bonanno", "Mike Clink"],
	"electricGuitar": ["Jim Peterik"],
	"label": ["EMI", "Scotti Brothers"],  
	"leadVoice": ["Dave bickler", "Frankie Sullivan"],  
	"lyricist": ["Frankie Sullivan", "Jim Peterik"],  
	"market": ["worldwide"],  
	"mastering": ["Doug Sax"],  
	"mixingEngineer": ["Hill Brim Swimmer"],  
	"percussion": ["Marc Droubay"],
	"producer": ["Jim Peterik", "Frankie Sullivan"],  
	"recorded": ["1982-12-31 23:59:59"],  
	"releaseDate": ["1982-02-31 00:00:00"],  
	"title": ["Eye of the Tiger"]
}